date,sp500_close,sp500_return,sp500_log_return,sp500_cumulative_return,sp500_drawdown,vix_close,delta_vix,abs_delta_vix,vix_zscore,vix_move_regime,vix_shock_flag,risk_off_day,sp500_forward_return_1d,vix_forward_change_1d,sp500_forward_return_3d,vix_forward_change_3d,sp500_forward_return_5d,vix_forward_change_5d,sp500_forward_return_10d,vix_forward_change_10d,sp500_realized_vol_5d_ann,sp500_realized_vol_10d_ann,sp500_realized_vol_21d_ann
2025-05-27,5921.54,0.0204590182014952,,0.020459018201495205,0.0,18.96,-1.6099999999999994,1.6099999999999994,0.16105686716958992,High,False,False,-0.005571185873944895,0.34999999999999787,0.008320470688368387,-1.3500000000000014,0.01331072660152599,-2.1900000000000013,0.018841382478206548,0.14999999999999858,,,
2025-05-28,5888.55,-0.0055711858739448,-0.0055867628115837675,0.014773851334351384,-0.005571185873944895,19.31,0.3499999999999978,0.3499999999999978,0.26257927974918,Low,False,True,0.003929660103081378,-0.7399999999999984,0.008618420494009627,-0.8299999999999983,0.0199251088977761,-2.1499999999999986,0.015992052372825194,2.2900000000000027,,,
2025-05-30,5911.69,-8.118846379590039e-05,0.003921959156960142,0.014691463404261196,-0.0016634186377193494,18.57,-0.6099999999999994,0.6099999999999994,0.04793189315233157,Medium,False,False,0.010000524384736087,-0.9600000000000009,0.014999095013439545,-1.8000000000000007,0.02150315730357999,-1.620000000000001,0.0117022374312592,1.5700000000000003,,,
2025-06-04,5970.81,7.369727504324963e-05,0.00995085004584162,0.014766243400123669,0.0,17.61,-0.0800000000000018,0.0800000000000018,-0.23052958135168883,Low,False,False,-0.005277340930292529,0.870000000000001,0.005873574942093285,-0.4499999999999993,0.008613571692952737,-0.34999999999999787,-0.0004974199480473063,3.0100000000000016,,,
2025-06-05,5939.3,-0.0052773409302925,-0.005291315280564035,0.009410975969148971,-0.005277340930292529,18.48,0.870000000000001,0.870000000000001,0.021826129917579717,Medium,False,True,0.010280672806559643,-1.7100000000000009,0.01675449968851561,-1.5300000000000011,0.017840486252588716,-0.46000000000000085,0.014457932753018099,1.3499999999999979,0.17005524695717728,,
2025-06-06,6000.36,0.0102806728065596,0.01022818611570031,0.019788399940437795,0.0,16.77,-1.7100000000000009,1.7100000000000009,-0.4741833715427064,High,False,False,0.0009199448033119229,0.39000000000000057,0.003646447879793957,0.490000000000002,0.005458005852982062,2.34,0.015302415188422236,0.7100000000000009,0.10180947373017792,,
2025-06-09,6005.88,0.0009199448033119,0.0009195219134294774,0.020726548979440818,0.0,17.16,0.3900000000000005,0.3900000000000005,-0.36105839752544805,Low,False,False,0.005482960032501483,-0.21000000000000085,0.006556907563920689,0.8599999999999994,-0.0038562209035145623,4.440000000000001,0.014365921397030856,-0.3999999999999986,0.08958961678758294,,
2025-06-10,6038.81,0.0054829600325014,0.0054679833266551015,0.026323151851608273,0.0,16.95,-0.2100000000000008,0.2100000000000008,-0.42197184507320273,Low,False,False,-0.002743918089822439,0.3100000000000023,-0.0009438945752557881,2.16,-0.009594605559704705,3.1900000000000013,0.016925520094190682,-0.35999999999999943,0.09327518397919776,,
2025-06-11,6022.24,-0.0027439180898224,-0.002747689533666886,0.023507005189238983,-0.002743918089822439,17.26,0.3100000000000023,0.3100000000000023,-0.3320519939312789,Low,False,True,0.0038224979409655635,0.759999999999998,-0.006562342251388076,4.34,-0.009033183665878464,3.3599999999999994,0.02504549802067002,-0.9400000000000013,0.09944515846003246,,
2025-06-12,6045.26,0.0038224979409655,0.0038152107599636054,0.02741935860913869,0.0,18.02,0.759999999999998,0.759999999999998,-0.11160332661559685,Medium,False,False,-0.002009839113619738,1.0899999999999999,-0.010651320207898496,2.120000000000001,-0.003323264838898554,1.8099999999999987,0.02526773042019692,-1.1900000000000013,0.07762419751439714,0.12536826764432044,
2025-06-16,6033.11,0.0093927190532994,-0.0020118615505531068,0.037069619994475334,-0.002009839113619738,19.11,-1.7100000000000009,1.7100000000000009,0.20456647256084265,High,False,False,-0.008352242873078675,2.490000000000002,-0.010818632512916149,1.5100000000000016,0.009790970162984136,-1.629999999999999,0.040814770491504504,-2.7300000000000004,0.07288679071345289,0.08843307519880603,
2025-06-17,5982.72,-0.0083522428730786,-0.008387318295762114,0.028407762651990076,-0.010345295322285564,21.6,2.490000000000002,2.490000000000002,0.9268259220556455,High,False,True,-0.00030922389816012696,-1.4600000000000009,0.007095434852374849,-1.7700000000000031,0.018292682926829285,-4.84,0.04132902759948642,-3.8100000000000023,0.11186416364577727,0.0955866187698107,
2025-06-18,5980.87,-0.0003092238981601,-0.0003092717177288762,0.02808975439472472,-0.010651320207898496,20.14,-1.4600000000000009,1.4600000000000009,0.5033324295807813,High,False,False,-0.002178612810510794,0.4800000000000004,0.01861100475348909,-2.66,0.026777040798412255,-3.5500000000000007,0.04090542011446496,-3.330000000000002,0.10636045552973873,0.09568913772558252,
2025-06-20,5967.84,-0.0021786128105107,-0.0021809894398643337,0.025849944885445675,-0.012806727915755545,20.62,-1.5500000000000007,1.5500000000000007,0.6425631668327915,High,False,False,0.009606490790637912,-0.7900000000000027,0.020831657685192573,-3.8599999999999994,0.03438932679160289,-4.300000000000001,0.04950199737258365,-4.6800000000000015,0.10539177123610133,0.09717291681459797,
2025-06-23,6025.17,0.0096064907906379,0.009560641855696161,0.03570476293356406,-0.003323264838898554,19.83,-0.7900000000000027,0.7900000000000027,0.4134125784388574,Medium,False,False,0.011121677894565751,-2.349999999999998,0.019227673244074595,-3.2399999999999984,0.028686327522708943,-3.0,0.03893334129991355,-3.4299999999999997,0.12342250942423574,0.09852152862071464,
2025-06-24,6092.18,0.0111216778945657,0.011060286796933383,0.047223537700778806,0.0,17.48,-2.349999999999998,2.349999999999998,-0.2682379060241079,High,False,False,-3.282897091061443e-06,-0.7199999999999989,0.013277677284650125,-1.1600000000000001,0.030722992426356344,-1.1000000000000014,0.028951869445748457,-0.28000000000000114,0.13066934537832625,0.10043115631611922,
2025-06-25,6092.16,-3.282897091061443e-06,-3.2829024796399153e-06,0.04722009977367314,-3.282897091061443e-06,16.76,-0.7199999999999989,0.7199999999999989,-0.4770840119021227,Medium,False,False,0.008020143922681022,-0.1700000000000017,0.017374789893896514,0.06999999999999673,0.02262251812165128,1.0299999999999976,0.02488444164302983,0.6199999999999974,0.09859474493596938,0.10098860129030011,
2025-06-26,6141.02,0.008020143922681,0.00798815349977744,0.05561895569258235,0.0,16.59,-0.1700000000000017,0.1700000000000017,-0.5263948980122101,Low,False,False,0.005219002706390752,-0.2699999999999996,0.022525573927458353,-0.21000000000000085,0.013759929132294069,0.21999999999999886,0.01997713734851847,0.5700000000000003,0.09521084518809844,0.10379220485545329,
2025-06-27,6173.07,0.0052190027063907,0.005205430912106124,0.061128233879259364,0.0,16.32,-0.2699999999999996,0.2699999999999996,-0.6047121877164656,Low,False,False,0.0040401291415779195,0.509999999999998,0.009219075759711037,1.4699999999999989,0.014610234453845683,-0.3800000000000008,0.020041891635766307,0.08999999999999986,0.06957037866834354,0.09940706490502153,
2025-07-01,6198.01,-0.0011184618731818,0.004031989735306496,0.05994140240710877,0.0,16.83,0.0999999999999978,0.0999999999999978,-0.45677952938620553,Low,False,True,0.013123567080401743,-0.4499999999999993,0.004438521396383788,-0.019999999999999574,0.009961261759822815,-0.4299999999999997,0.018007392695397417,-0.3299999999999983,0.08267419432482077,0.10219978030585072,
2025-07-03,6279.35,0.008338926875014,0.013038199150630092,0.06878017625358157,0.0,16.38,-0.2600000000000015,0.2600000000000015,-0.5873083455599647,Low,False,False,-0.00786227873904155,1.4100000000000001,-0.0025623671239858314,-0.4399999999999995,-0.0017183307189437835,0.8200000000000003,0.012670101204742545,-1.0099999999999998,0.07039457836984588,0.10051756491157193,0.1101506446237092
2025-07-07,6229.98,-0.0078622787390415,-0.007893349417233964,0.06037712859711397,-0.00786227873904155,17.79,0.3099999999999987,0.3099999999999987,-0.17831805488218513,Low,False,True,-0.0007158931489344988,-0.9800000000000004,0.004778506512059577,-1.3900000000000006,0.002211885110385614,-0.41000000000000014,0.02140777337969002,-2.3999999999999986,0.11010382422477887,0.09898183031820974,0.09714571643966566
2025-07-08,6225.52,-0.0007158931489344,-0.0007161495228000803,0.05961801187546456,-0.008572543336491822,16.81,-0.9800000000000004,0.9800000000000004,-0.46258081010503915,Medium,False,False,0.0060621442064277,-0.8699999999999992,0.006913478713424626,0.39000000000000057,0.006132821033423719,0.3500000000000014,0.026201827317236193,-1.879999999999999,0.09957146861014675,0.09939231872656229,0.09387529767337735
2025-07-09,6263.26,0.0060621442064277,0.0060438433346767795,0.06604156906718184,-0.0025623671239858314,15.94,-0.8699999999999992,0.8699999999999992,-0.7149365213743072,Medium,False,False,-0.0005604110319545885,0.4599999999999991,-0.0031133946219700226,1.4399999999999995,0.0053534421371617125,0.47000000000000064,0.020198746339765483,-0.9100000000000001,0.10209167244326572,0.09581539605650813,0.09450503851008286
2025-07-11,6259.75,-0.0032975291618766,-0.0005605681209086555,0.06252626590541,-0.0031213421771362215,16.4,0.6199999999999992,0.6199999999999992,-0.5815070648411311,Medium,False,True,0.0014074044490595128,0.8000000000000007,0.0006310156156394964,0.7600000000000016,0.00796677183593597,0.10000000000000142,0.017749910140181235,-0.41999999999999815,0.10595964178057972,0.09606833689800934,0.0962429500194956
2025-07-14,6268.56,0.0014074044490595,0.0014064149836947593,0.06402167009928794,-0.0017183307189437835,17.2,0.8000000000000007,0.8000000000000007,-0.3494558360877808,Medium,False,False,-0.003956251515499609,0.17999999999999972,0.0045034266242964804,-0.7899999999999991,0.014413198565539576,-1.83,0.015049708385976857,-1.7199999999999989,0.08250513840140784,0.08341807750775637,0.09239947918725222
2025-07-15,6243.76,-0.0039562515154996,-0.003964098180953002,0.0598121327544332,-0.005667784085932492,17.38,0.1799999999999997,0.1799999999999997,-0.2972443096182771,Low,False,True,0.003193588478737075,-0.21999999999999886,0.010548131254244142,-0.879999999999999,0.019153522877240592,-1.9899999999999984,0.015316091585839242,-0.6600000000000001,0.06434488621459057,0.08779734230202749,0.09049089195613606
2025-07-16,6263.7,0.003193588478737,0.003188499806256573,0.0631967365712236,-0.0024922961771521868,17.16,-0.2199999999999988,0.2199999999999988,-0.36105839752544805,Low,False,False,0.005282820058431836,-0.75,0.015200280984082992,-1.790000000000001,0.019946676884269765,-2.2300000000000004,-0.004101409709915793,3.219999999999999,0.06787640952799869,0.08034086023238629,0.09053910621350864
2025-07-18,6296.79,-9.051412020266714e-05,0.005268914915294687,0.06310050225401054,0.0,16.41,-0.1099999999999994,0.1099999999999994,-0.5786064244817138,Low,False,False,0.0020375461147663643,0.08999999999999986,0.010570465268811668,-1.0199999999999996,0.014766253916678185,-1.3800000000000008,0.005264587194427683,1.1099999999999994,0.04841625426105999,0.0763509348524798,0.08986148428938062
2025-07-22,6309.62,0.0006375285460542,0.0020354731330680664,0.06377825917152213,0.0,16.5,-0.1499999999999985,0.1499999999999985,-0.552500661246962,Low,False,False,0.007811880905664648,-1.1300000000000008,0.01252373360043868,-1.5700000000000003,0.009705814296264936,-0.5199999999999996,-0.001653031402842009,1.3500000000000014,0.04197171530046582,0.0760124998214223,0.0885110281632736
2025-07-23,6358.91,0.0078118809056646,0.00778152614671157,0.07208836824220533,0.0,15.37,-1.1300000000000008,1.1300000000000008,-0.8802730218610693,High,False,False,0.000698232873244109,0.02000000000000135,0.0048530329883582635,-0.33999999999999986,0.0006274660279828037,0.11000000000000121,-0.002178046237483966,1.4000000000000004,0.06908170306451483,0.07449665215967907,0.09068111045025021
2025-07-24,6363.35,0.0006982328732441,0.00069798922208264,0.07283693558393467,0.0,15.39,0.0200000000000013,0.0200000000000013,-0.874471741142235,Low,False,False,0.003974321701619488,-0.46000000000000085,0.001180195965961195,0.5899999999999999,-0.003765312296196144,1.3299999999999983,-0.003669450839573596,1.1799999999999997,0.05150699500397491,0.05894447072238462,0.08671859293268903
2025-07-25,6388.64,0.0039743217016194,0.003966444948062531,0.07710073469932488,0.0,14.93,-0.4600000000000008,0.4600000000000008,-1.0079011976754115,Low,False,False,0.00017687645570885202,0.09999999999999964,-0.004029026522076817,0.5500000000000007,-0.02357778807383104,5.449999999999999,0.0001267875478974112,0.22000000000000064,0.05250548583620023,0.0594318153185184,0.07901028992021106
2025-07-28,6389.77,0.0001768764557088,0.00017686081491241623,0.07729124845971991,0.0,15.03,0.0999999999999996,0.0999999999999996,-0.9788947940812429,Low,False,False,-0.0029594179446209568,0.9500000000000011,-0.007884477845055526,1.6899999999999995,-0.009363404316587443,2.49,-0.002554082541312175,1.2200000000000006,0.05166789068424518,0.0543037207289564,0.07883219227674809
2025-07-29,6370.86,-0.0029594179446209,-0.002963805680808562,0.07410309340744514,-0.0029594179446209568,15.98,0.9500000000000012,0.9500000000000012,-0.7033339599366394,Medium,False,True,-0.001249438851269713,-0.5,-0.020852757712459424,4.399999999999999,-0.011249658601821477,1.870000000000001,0.015024659151197772,-1.4900000000000002,0.06510113024703346,0.05356633888498974,0.07942781237577572
2025-07-30,6362.9,-0.0012494388512697,-0.0012502200507658046,0.07276106727227294,-0.004205159184133556,15.48,-0.5,0.5,-0.8483659779074832,Medium,False,False,-0.0036948561190650597,1.2399999999999984,-0.0051800279746656575,2.039999999999999,-0.00280375300570479,1.2899999999999991,0.016602492574140815,-0.6500000000000004,0.04089899312381281,0.054771487979470644,0.0754827388523956
2025-07-31,6339.39,-0.003694856119065,-0.0037016989606790673,0.0687973694785673,-0.007884477845055526,16.72,1.2399999999999984,1.2399999999999984,-0.488686573339791,High,False,True,-0.01599207494727417,3.66,-0.0063413041317856855,1.1300000000000026,9.622376916396114e-05,-0.14999999999999858,0.01741650221866764,-1.629999999999999,0.04826833219803544,0.05414488362752519,0.06934684898810271
2025-08-01,6238.01,-0.0159920749472741,-0.016121328046944328,0.051705081842416734,-0.023750463631711294,20.38,3.66,3.66,0.5729477982067859,High,True,True,0.01473707159815385,-2.8599999999999994,0.017160921511828242,-3.6099999999999994,0.0242769729448975,-5.229999999999999,0.033847332723095924,-5.389999999999999,0.1026430286722739,0.09843470127658503,0.09095657059893945
2025-08-04,6329.94,0.0147370715981538,0.014629536175940316,0.06720413493367072,-0.009363404316587443,17.52,-2.859999999999999,2.859999999999999,-0.25663534458644066,High,True,False,-0.004857865951336082,0.33000000000000185,0.0015892725681445619,-0.9499999999999993,0.006873682846914919,-1.2699999999999996,0.012864260956660045,-1.9499999999999993,0.17391871624075325,0.12665727065710908,0.10067244477324219
2025-08-05,6299.19,-0.004857865951336,-0.004869703735275621,0.062019800303451555,-0.014175784104905276,17.85,0.3300000000000018,0.3300000000000018,-0.1609142127256832,Low,False,True,0.007281888623775545,-1.0800000000000018,0.014328826404664818,-2.700000000000001,0.026573257831562502,-3.360000000000001,0.011268115424364122,-1.25,0.17521161932248228,0.12936113318867765,0.10082187022485521
2025-08-06,6345.06,0.0072818886237755,0.00725550368351513,0.06975331020550568,-0.00699712196213631,16.77,-1.0800000000000018,1.0800000000000018,-0.4741833715427064,Medium,False,False,-0.0007974707882983934,-0.1999999999999993,0.0044743469722901,-0.5199999999999996,0.0194608088812398,-1.9399999999999995,0.01920391611742045,-2.549999999999999,0.18815285065246998,0.12847375460072788,0.10374266411416545
2025-08-07,6340.0,-0.0007974707882983,-0.0007977889372803304,0.06890021318993145,-0.007789012750067714,16.57,-0.1999999999999993,0.1999999999999993,-0.5321961787310437,Low,False,False,0.007799684542586727,-1.42,0.019965299684542526,-2.08,0.017318611987381827,-1.4800000000000004,0.015665615141955858,-1.7800000000000011,0.1861723228566497,0.12840407651660296,0.09974981229249966
2025-08-08,6389.45,0.0077996845425867,0.007769424248420975,0.07723729766031662,-5.008004982975933e-05,15.15,-1.42,1.42,-0.9440871097682402,High,False,False,-0.002504127898332431,1.0999999999999996,0.012378217217444476,-0.3200000000000003,0.009343527220652792,-0.16000000000000014,0.011971296433965328,-0.5300000000000011,0.12257957171372584,0.13334232710317492,0.09889873183990719
2025-08-11,6373.45,-0.0025041278983324,-0.002507268470623103,0.07453975769012122,-0.002554082541312175,16.25,1.0999999999999996,1.0999999999999996,-0.6250166702323838,High,False,True,0.014612180216366344,-1.7599999999999998,0.011979383222587403,-1.1600000000000001,0.0059496818834383625,-0.6799999999999997,0.006603958609544325,0.9200000000000017,0.09214852417388697,0.13394560388472115,0.09942982776800348
2025-08-13,6466.58,0.0032300302834731,0.014506451022574751,0.07801055364825626,0.0,14.49,-0.2400000000000002,0.2400000000000002,-1.135529373489754,Low,False,False,0.00030309684562790373,0.33999999999999986,-0.0026953969486189777,0.5,-0.014908962697438244,2.110000000000001,-0.0028330276591335135,1.8600000000000012,0.07366722866594529,0.13400962672558278,0.09797328656811922
2025-08-14,6468.54,0.0003030968456279,0.0003030509210582011,0.07833729524662059,0.0,14.83,0.3399999999999998,0.3399999999999998,-1.0369076012695804,Low,False,False,-0.0028970988816641174,0.2599999999999998,-0.00883816131615478,0.7400000000000002,-0.0002519888568363049,-0.6099999999999994,0.002003543303434885,0.34999999999999964,0.06417238246396517,0.1337023777237596,0.09698059042634567
2025-08-15,6449.8,-0.0028970988816641,-0.002901303595573168,0.07521324547450492,-0.0028970988816641174,15.09,0.2599999999999998,0.2599999999999998,-0.9614909519247415,Low,False,True,-0.00010077831870769494,-0.09999999999999964,-0.0123461192595119,1.5100000000000016,-0.0016248565847003515,-0.3000000000000007,0.021344847902260655,-0.379999999999999,0.07054211420175047,0.13305150531680854,0.09774030683779646
2025-08-18,6449.15,-0.0001007783187076,-0.00010078339718333496,0.07510488729137377,-0.0029975852356173283,14.99,-0.0999999999999996,0.0999999999999996,-0.9904973555189103,Low,False,False,-0.005858136343549147,0.5800000000000001,0.0027538512827272044,-0.7699999999999996,0.002603443864695354,-0.370000000000001,0.025759983873843817,0.6999999999999993,0.03922614821834806,0.09630197025358528,0.0964208844662805
2025-08-19,6411.37,-0.0058581363435491,-0.005875362532782091,0.06880677627800491,-0.00883816131615478,15.57,0.5800000000000001,0.5800000000000001,-0.8222602146727314,Medium,False,True,-0.006426083660746373,1.0300000000000011,0.004359442677618119,-0.7800000000000011,0.0006504070112940408,1.6000000000000014,0.044043628740815244,0.5300000000000011,0.054749471746411635,0.07433700003285511,0.09854644339252758
2025-08-21,6370.17,-0.0040042027712021,-0.006446819818947347,0.06452705722255292,-0.015207450212876505,16.6,0.910000000000002,0.910000000000002,-0.5234942576527928,Medium,False,True,0.01518640789806236,-2.380000000000001,0.01503413566670897,-1.9800000000000022,0.012258699532351702,-0.25,0.0368200534679608,0.13999999999999702,0.04147954325174646,0.07283184596497778,0.09965270336104014
2025-08-22,6466.91,0.0151864078980623,0.015072248733122962,0.08069339933205866,-0.0002519888568363049,14.22,-2.380000000000001,2.380000000000001,-1.2138466631940097,High,False,False,-0.0042663343080389105,0.5699999999999985,-0.007943515527508493,2.950000000000001,0.002256100672500594,0.9599999999999991,0.03425902015027282,2.0600000000000005,0.13476968473314366,0.0999689071442242,0.11257950484634982
2025-08-25,6439.32,-0.0042663343080389,-0.00427546108007526,0.07608280000601719,-0.004517248096170157,14.79,0.5699999999999985,0.5699999999999985,-1.0485101627072482,Medium,False,True,0.004133976879546308,-0.16999999999999993,0.0013883453532361756,1.5600000000000023,0.02300708770491311,-0.0799999999999983,0.04293465769677551,1.8599999999999994,0.1372495568666412,0.10321398785860582,0.11082893321939988
2025-08-26,6465.94,0.0041339768795463,0.004125455473914741,0.08053130142171949,-0.0004019454158126212,14.62,-0.1699999999999999,0.1699999999999999,-1.097821048817335,Low,False,False,-0.00779469033118152,2.5500000000000025,0.002406455983198219,0.5600000000000005,0.023096409802751072,1.0700000000000003,0.04242847907651481,1.7500000000000018,0.13994776210633425,0.09763217427626329,0.11165938344749032
2025-09-02,6415.54,-0.0069223220118076,-0.007825227719692407,0.07305151580944069,-0.008193502706947742,17.17,1.0500000000000007,1.0500000000000007,-0.3581577571660307,Medium,False,True,0.005100116280157385,-0.8200000000000003,0.026798991199493694,-2.460000000000001,0.04336501681853755,-1.0700000000000003,0.052712632140084814,-0.870000000000001,0.1434126372340738,0.10355319404897259,0.11358367056472944
2025-09-03,6448.26,0.0051001162801573,0.005087154738689037,0.07852420331466803,-0.003135174243337757,16.35,-0.8200000000000003,0.8200000000000003,-0.5960102666382147,Medium,False,False,0.005154878990611289,-1.1700000000000017,0.02590156104127317,-0.6600000000000019,0.024263909954003182,0.389999999999997,0.044484868786308196,0.0799999999999983,0.13857994018187722,0.10565120303464262,0.11503601485198012
2025-09-05,6481.5,-0.0031651410010334,0.00514163808592194,0.07511052213814984,0.0,15.18,-0.120000000000001,0.120000000000001,-0.9353851886899898,Low,False,False,0.016349610429684525,-0.46999999999999886,0.03274704929414485,0.9200000000000017,0.031930880197485134,1.1000000000000014,0.010955797269150747,6.48,0.08474554573472351,0.10686222913342448,0.11510667515490669
2025-09-11,6587.47,0.0084858635280862,0.016217394719452827,0.08423376330662369,0.0,14.71,-0.6399999999999988,0.6399999999999988,-1.0717152855825827,Medium,False,False,0.0042216511042934,0.9799999999999986,0.0026186077507752703,2.0299999999999976,0.019479405598811006,1.9399999999999977,0.010208775144326943,4.32,0.10083639917214066,0.11408800872892744,0.11858857904111025
2025-09-15,6615.28,0.0047066578173196,0.004212764936026403,0.08933688062449274,0.0,15.69,0.9299999999999996,0.9299999999999996,-0.7874525303597291,Medium,False,False,0.011861931770083878,0.4100000000000019,0.011062267961446937,0.5900000000000016,0.0188956476521025,0.6800000000000015,0.004388325210724409,5.119999999999999,0.10184624999414746,0.11549938876129544,0.11838545002179651
2025-09-22,6693.75,0.0044100258689507,0.011792130500481335,0.09414088444804891,0.0,16.1,0.6500000000000021,0.6500000000000021,-0.6685262756236366,Medium,False,False,-0.013300466853408022,0.639999999999997,0.0032926237161530203,0.5499999999999972,0.00895910364145669,0.1999999999999993,-0.0033897292250232303,4.539999999999999,0.0679538261622415,0.10889537367692344,0.10152916842067929
2025-09-25,6604.72,-0.0050090615052493,-0.013389710265380828,0.08866026546244088,-0.013300466853408022,16.74,0.5599999999999987,0.5599999999999987,-0.48288529262095736,Medium,False,True,0.01267881151661232,-0.4599999999999973,0.020524715657893156,-0.36999999999999744,0.01974194212623681,-0.3099999999999987,0.003686757349289582,8.57,0.09082553366007177,0.11064420865309135,0.09274551755993107
2025-09-30,6688.46,0.0040908483593822,0.012599108372937096,0.09311380952333259,-0.0007902894491129686,16.28,0.1600000000000001,0.1600000000000001,-0.6163147491541329,Low,False,False,0.004086142400492765,0.36999999999999744,0.00975710402693597,0.019999999999999574,-0.020326054129052085,5.379999999999999,-0.0036555500070269975,4.5,0.0792784956550454,0.08553623980217384,0.0908278013290426
2025-10-03,6715.79,6.552152903416264e-05,0.004077816792673161,0.09318543201154084,0.0,16.65,0.0199999999999995,0.0199999999999995,-0.5089910558557093,Low,False,False,0.0036466298082578064,-0.2799999999999976,0.002876802282382185,-0.21999999999999886,-0.009093494585149298,2.3800000000000026,0.0028797803385751664,1.5800000000000018,0.066299722713969,0.08046019031753832,0.08833610318467344
2025-10-06,6740.28,0.0036466298082578,0.003639996973882731,0.09717187459386722,0.0,16.37,-0.2799999999999976,0.2799999999999976,-0.5902089859193811,Low,False,False,0.0019939824458332644,-0.07000000000000028,-0.027857893143904966,5.289999999999999,-0.014238280902276967,4.439999999999998,-0.0007314236203835867,1.5,0.0635956085376634,0.08006490513004762,0.08850819044621025
2025-10-08,6753.72,0.0058276082381798,0.001991997101558951,0.10356576244894966,0.0,16.3,-0.9399999999999976,0.9399999999999976,-0.6105134684352993,Medium,False,False,-0.002755518440207827,0.129999999999999,-0.014658588155860741,2.7300000000000004,-0.012239180777408598,4.34,-0.008042974834609806,2.3000000000000007,0.0683815246703307,0.06681468290700439,0.08692124853307924
2025-10-09,6735.11,-0.0027555184402078,-0.0027593218696981836,0.10052486664053961,-0.002755518440207827,16.43,0.129999999999999,0.129999999999999,-0.5728051437628802,Low,False,True,-0.027111658161485086,5.23,-0.013481591243498459,4.379999999999999,-0.01574436052269379,8.879999999999999,0.0004944239960444907,0.870000000000001,0.054955168489207146,0.07081285022217074,0.0870591997213599
2025-10-10,6552.51,-0.027111658161485,-0.027485959970572793,0.07068781265796753,-0.02979246992768425,21.66,5.23,5.23,0.9442297642121463,High,True,True,0.015598602672868944,-2.629999999999999,0.018092303560009793,-1.0199999999999996,0.017016379982632612,-0.879999999999999,0.0365020427286642,-5.289999999999999,0.2110857929879672,0.16257985539419742,0.13053132398894499
2025-10-13,6654.72,0.0155986026728689,0.01547819498378189,0.08738904643430234,-0.014658588155860741,19.03,-2.629999999999999,2.629999999999999,0.18136134968550813,High,True,False,-0.0015643032313906735,1.7799999999999976,-0.0038544070975188305,6.279999999999998,0.012083153010194136,-0.8000000000000007,0.033125360646278024,-3.240000000000002,0.2545635966264633,0.17672647228151242,0.14168719834734175
2025-10-14,6644.31,-0.0015643032313906,-0.0015655280311612785,0.0856880402351865,-0.01619996091043152,20.81,1.7799999999999976,1.7799999999999976,0.6976753336617114,High,False,True,0.004026001195007511,-0.16999999999999815,0.00296494293613625,-0.029999999999997584,0.013701949487606724,-2.9399999999999977,0.0371114532585024,-4.389999999999997,0.25129128800501976,0.17519196628144496,0.14136697541751708
2025-10-15,6671.06,0.0040260011950075,0.004017918538789189,0.09005902158257872,-0.012239180777408598,20.64,-0.1699999999999981,0.1699999999999981,0.648364447551625,Low,False,False,-0.0062943520220175575,4.669999999999998,0.009604170851408966,-2.41,0.004248200435912564,-2.039999999999999,0.032907813750738146,-3.719999999999999,0.24806001972676978,0.17491448715147356,0.14186801379619246
2025-10-16,6629.07,-0.0062943520220175,-0.00631424497513855,0.08319780637596197,-0.01845649508715208,25.31,4.669999999999998,4.669999999999998,2.002963495399306,High,True,True,0.005270724249404557,-4.529999999999998,0.016032414803283324,-7.439999999999998,0.01649854353627278,-8.009999999999998,0.02915491916664026,-8.399999999999999,0.24968118793238933,0.17599521086416064,0.14212975374355022
2025-10-17,6664.01,0.0052707242494045,0.005256882598063228,0.08890704332092958,-0.013283049933962343,20.78,-4.529999999999998,4.529999999999998,0.6889734125834615,High,True,False,0.010672252892777845,-2.5500000000000007,0.005310616280587821,-2.1799999999999997,0.019159635114593065,-4.41,0.026439035955828416,-3.34,0.13074126828994642,0.17694414068890937,0.14191328801832473
2025-10-20,6735.13,0.0106722528927778,0.01061570636531961,0.10052813466397748,-0.0027525571092672507,18.23,-2.5500000000000007,2.5500000000000007,-0.0506898790678422,High,False,False,3.266455138950519e-05,-0.35999999999999943,0.0004914530231783232,-0.9299999999999997,0.020790986959420277,-2.4400000000000013,0.01734784629249919,-1.0599999999999987,0.10367771262089501,0.18541488378313464,0.1370526935269914
2025-10-21,6735.35,3.266455138950519e-05,3.2664017913575094e-05,0.10056408292178776,-0.0027199824689208008,17.87,-0.3599999999999994,0.3599999999999994,-0.15511293200684959,Low,False,False,-0.005337510300132964,0.7300000000000004,0.008364821427245595,-1.5,0.023093083507167433,-1.4499999999999993,0.009047785193048608,0.14000000000000057,0.10037666458247917,0.18471020523789897,0.13581342287079334
2025-10-22,6699.4,-0.0053375103001329,-0.0053518056988171026,0.09468981079323635,-0.008042974834609806,18.6,0.7300000000000004,0.7300000000000004,0.05663381423058252,Medium,False,True,0.005827387527241212,-1.3000000000000007,0.026235185240469416,-2.8100000000000023,0.028538376571036306,-1.6799999999999997,0.0031226677015852022,0.8999999999999986,0.11392455971228264,0.1839757155467826,0.13711050354942209
2025-10-23,6738.44,0.0058273875272412,0.005810473980595532,0.10106899254285096,-0.002262456838601601,17.3,-1.3000000000000007,1.3000000000000007,-0.32044943249361163,High,False,False,0.007902422519158847,-0.9299999999999997,0.02262393076142266,-0.879999999999999,0.012450953039575996,-0.39000000000000057,-0.0014305981799941359,1.7799999999999976,0.09717979756596698,0.186380638573649,0.13533339521667911
2025-10-24,6791.69,0.0079024225191588,0.007871361907069385,0.1097701049446691,0.0,16.37,-0.9299999999999996,0.9299999999999996,-0.5902089859193811,Medium,False,False,0.012290019126314666,-0.5800000000000018,0.01456191316152533,0.5500000000000007,0.0071425521482870735,1.0700000000000003,0.005998506998994513,1.2300000000000004,0.10221908932957834,0.11069230680452091,0.13667600967659085
2025-10-27,6875.16,0.0122900191263146,0.012215109973364946,0.12340920076025141,0.0,15.79,-0.5800000000000018,0.5800000000000018,-0.7584461267655604,Medium,False,False,0.0022879467532392894,0.6300000000000026,-0.007682730292822182,1.120000000000001,-0.0033730124098929615,1.3800000000000026,-0.004152630629687182,1.490000000000002,0.10944183012470463,0.10152839866895866,0.14060607490548696
2025-10-28,6890.89,0.0022879467532392,0.0022853333884658156,0.12597950119368995,0.0,16.42,0.6300000000000026,0.6300000000000026,-0.5757057841222964,Medium,False,False,-4.353574066628951e-05,0.5,-0.007356088981249176,1.0199999999999996,-0.013728270223440031,1.5899999999999999,-0.005800411848106757,1.0899999999999999,0.10519433810212275,0.09816512297644991,0.13870367672279618
2025-10-29,6890.59,-4.353574066628951e-05,-4.3536688373535526e-05,0.12593048084213043,-4.353574066628951e-05,16.92,0.5,0.5,-0.43067376615145264,Medium,False,True,-0.009904812214919234,-0.010000000000001563,-0.005604745021834057,0.25,-0.024710511001235114,2.5799999999999983,-0.022218706961232737,3.0799999999999983,0.07650888582018749,0.09986035165177073,0.13844133649223586
2025-10-30,6822.34,-0.0099048122149192,-0.009954191197687479,0.11477835086233545,-0.009947916742249596,16.91,-0.0100000000000015,0.0100000000000015,-0.43357440651087,Low,False,False,0.0026178701149457417,0.5300000000000011,-0.0038183379896047365,1.1000000000000014,-0.013710838216799526,2.169999999999998,-0.012932512891471348,2.919999999999998,0.13409598701627282,0.11060062684634688,0.14358030723015358
2025-10-31,6840.2,0.0026178701149457,0.0026144494615607528,0.11769669579184638,-0.007356088981249176,17.44,0.5300000000000011,0.5300000000000011,-0.2798404674617752,Medium,False,False,0.0017207099207625642,-0.2699999999999996,-0.017525803339083712,2.0599999999999987,-0.0011359316979034917,0.16000000000000014,-0.024529984503377067,4.939999999999998,0.12568322635546786,0.10980717831334816,0.14202808468339057
2025-11-03,6851.97,0.0017207099207625,0.0017192311955085415,0.11961992758469897,-0.0056480367557746325,17.17,-0.2699999999999996,0.2699999999999996,-0.3581577571660307,Low,False,False,-0.008126130149431532,0.8399999999999999,-0.017975852200170173,1.9099999999999966,-0.0007822567816263559,0.10999999999999943,-0.03424562571056211,7.52,0.08360497922583286,0.1002380388529393,0.1416765886163292
2025-11-05,6796.29,0.0036535209811638,-0.008159327109227732,0.12371048248105887,-0.013728270223440031,18.01,-0.9899999999999984,0.9899999999999984,-0.11450396697501315,Medium,False,False,-0.011178157494750818,1.4899999999999984,0.005317607106229971,-0.41000000000000014,0.008038209081719705,-0.5,-0.02267854962045468,5.649999999999999,0.08713070464219079,0.10015985876045394,0.14186611693482135
2025-11-06,6720.32,-0.0111781574947508,-0.011241102610423326,0.11114946972938311,-0.02475297095150275,19.5,1.4899999999999984,1.4899999999999984,0.317691446578101,High,False,True,0.0012618446740633171,-0.4200000000000017,0.018792259892385976,-2.219999999999999,0.002554937860101969,0.5,-0.017458990048092926,3.9299999999999997,0.11555307239579933,0.1154328392338268,0.14800515781821916
2025-11-07,6728.8,0.0012618446740633,0.0012610492171649668,0.11255156776984943,-0.023522360682001864,19.08,-0.4200000000000017,0.4200000000000017,0.1958645514825917,Low,False,False,0.015400963024610581,-1.4799999999999969,0.018148852692902118,-1.5699999999999967,0.0007891451670429817,0.75,-0.003519201046249032,1.4400000000000013,0.09687522993607325,0.11290731351552034,0.1468310100145173
2025-11-10,6832.43,0.0154009630246105,0.015283571949666452,0.12968593332804534,-0.00848366466450634,17.6,-1.4799999999999969,1.4799999999999969,-0.2334302217111051,High,False,False,0.0020753963084874094,-0.3200000000000003,-0.013895495453301487,2.3999999999999986,-0.023420657072227624,4.779999999999998,-0.009740312011978225,0.9599999999999973,0.1498563458785294,0.13052945754282405,0.15510959897364832
2025-11-11,6846.61,0.0020753963084874,0.002073245648702482,0.1320304793438245,-0.006425875322345953,17.28,-0.3200000000000003,0.3200000000000003,-0.32625071321244525,Low,False,False,0.0006295086181336007,0.23000000000000043,-0.016431489452444326,2.549999999999997,-0.03348956636934186,7.41,-0.00496596125673876,-0.08999999999999986,0.14981023486749678,0.11693102890256489,0.1157170460778375
2025-11-12,6850.92,0.0006295086181336,0.0006293105606971494,0.13274310228656128,-0.005800411848106757,17.51,0.2300000000000004,0.2300000000000004,-0.25953598494585695,Low,False,False,-0.016556900387101336,2.4899999999999984,-0.026056354475019416,4.869999999999997,-0.030471819843174375,6.149999999999999,-0.0002671174090487227,-1.1600000000000001,0.14955414792671182,0.11663181925508494,0.10586212795069128
2025-11-13,6737.49,-0.0165569003871013,-0.016695497821197947,0.11398838757782648,-0.022261275394034774,20.0,2.4899999999999984,2.4899999999999984,0.4627234645489448,High,False,True,-0.0005016705034071034,-0.1700000000000017,-0.017836019051605256,4.690000000000001,-0.019962923878180105,3.4299999999999997,0.011152521191126086,-2.7600000000000016,0.18030608915881605,0.14522907285216136,0.12344639068668128
2025-11-14,6734.11,-0.0005016705034071,-0.0005017963821565274,0.11342953246264065,-0.022751778072208517,19.83,-0.1700000000000017,0.1700000000000017,0.4134125784388574,Low,False,False,-0.009162309495983845,2.5500000000000007,-0.01365436561030331,3.830000000000002,-0.004304948983607337,0.6900000000000013,0.014145893072729843,-3.2399999999999984,0.18030961605715556,0.13654790932435507,0.12316184331835477
2025-11-17,6672.41,-0.0091623094959838,-0.009204541614053596,0.10322794648424938,-0.03170562873591076,22.38,2.5500000000000007,2.5500000000000007,1.153075870090161,High,False,True,-0.008256387122493991,2.3100000000000023,-0.010404036922191495,1.0500000000000007,0.014008431736059368,-3.8200000000000003,0.026573606837709374,-6.300000000000001,0.12610842075151754,0.14267995576295062,0.12568837177777295
2025-11-18,6617.32,-0.0082563871224939,-0.00829065986303057,0.0941192694737214,-0.03970024191359911,24.69,2.3100000000000023,2.3100000000000023,1.8231237931154602,High,False,True,0.0037537855204221593,-1.0300000000000011,0.013268211300042854,-4.170000000000002,0.029511947434913255,-7.5,0.03623823541856819,-8.910000000000002,0.1116195202431937,0.14559352782345075,0.12846945214585934
2025-11-19,6642.16,0.0037537855204221,0.003746757649478738,0.09822635854508666,-0.03609548258642936,23.66,-1.0300000000000011,1.0300000000000011,1.5243578360955217,Medium,False,False,-0.005897178026425198,-0.23000000000000043,0.01862647090705427,-5.100000000000001,0.031154022185554187,-7.309999999999999,0.03436231587314964,-8.25,0.12595071635461386,0.145708445872302,0.12354438617292826
2025-11-21,6602.99,0.0098229633753188,-0.0059146350460324015,0.10901419584288474,-0.04177979912609264,23.43,-2.990000000000002,2.990000000000002,1.4576431078289334,High,True,False,0.015467235297948356,-2.91,0.031746224059100436,-6.239999999999998,0.031749252989933474,-6.190000000000001,0.0368802618207813,-6.77,0.1277813154582904,0.14781493140965601,0.12821445429848644
2025-11-24,6705.12,0.0154672352979483,0.015348836917048914,0.12616757935875156,-0.026958781811928567,20.52,-2.91,2.91,0.6135567632386223,High,True,False,0.009061731930226413,-1.9600000000000009,0.021471651514066936,-4.169999999999998,0.01853061541031331,-3.9299999999999997,0.020192032357362777,-3.59,0.17297082312821532,0.16751171734973072,0.1364820732389147
2025-11-25,6765.88,0.0090617319302264,0.009020920798512577,0.1363726080714125,-0.018141343135647192,18.56,-1.9600000000000009,1.9600000000000009,0.045031252792914235,High,False,False,0.006906714278112958,-1.3699999999999974,0.006909670286791902,-1.3200000000000003,0.0123915883817034,-2.4800000000000004,0.017854292420202533,-2.789999999999999,0.14240754346262974,0.1550981528037511,0.1382565678314523
2025-11-26,6812.61,0.0069067142781129,0.006882972184270031,0.14422120898883573,-0.011359925931193282,17.19,-1.3699999999999974,1.3699999999999974,-0.3523564764471971,High,False,False,0.005354775922884247,-0.8399999999999999,0.002460143762816447,-0.6000000000000014,0.0065334724870498295,-1.410000000000002,0.012974469403062905,-2.3400000000000016,0.06846809424092783,0.15822073581866866,0.13772121620816563
2025-11-28,6849.09,0.0053547759228842,0.0053404900859028714,0.15034825716918254,-0.0060659798661711894,16.35,-0.8599999999999994,0.8599999999999994,-0.5960102666382147,Medium,False,False,-0.00532333492478565,0.889999999999997,9.198302256208102e-05,-0.2700000000000031,0.003111362239363036,-0.9400000000000013,-0.003165384014518713,-0.6100000000000012,0.0613047362653779,0.15958575792849694,0.13288068003031123
2025-12-01,6812.63,-0.0053233349247856,-0.00533755435779959,0.1442245681161276,-0.011357023548482115,17.24,0.889999999999997,0.889999999999997,-0.33785327465011356,Medium,False,True,0.002457200816718297,-0.6499999999999986,0.006530517582783668,-1.459999999999999,0.0049731161093440335,-0.5799999999999983,0.0005695304163002568,-0.7399999999999984,0.11985742690442036,0.13127248170616687,0.13467210912196198
2025-12-02,6829.37,0.0024572008167182,0.0024541868350880236,0.1470361576594117,-0.008927729219302627,16.59,-0.6499999999999986,0.6499999999999986,-0.5263948980122101,Medium,False,False,0.002979777051177468,-0.5100000000000016,0.006007874811293057,-1.1799999999999997,0.001631189992634896,0.33999999999999986,-0.004262472233895642,-0.10999999999999943,0.08864680535193183,0.13007895856171695,0.13475334144429688
2025-12-03,6849.72,0.0029797770511774,0.0029753463150949955,0.1504540696788761,-0.005974554810771915,16.08,-0.5100000000000016,0.5100000000000016,-0.6743275563424712,Medium,False,False,0.0010803361305278258,-0.29999999999999893,-0.000468632294458704,0.5800000000000018,0.0053958409978802635,-0.3099999999999987,-0.01872923272776117,1.5400000000000027,0.07488089035572347,0.11117702711730273,0.12898134665372915
2025-12-04,6857.12,0.0010803361305278,0.0010797529874064793,0.15169694677686296,-0.004900673207669848,15.78,-0.2999999999999989,0.2999999999999989,-0.7613467671249773,Low,False,False,0.0019366731222436595,-0.3699999999999992,-0.0024222997409990565,1.1500000000000004,0.006399187997293332,-0.9299999999999997,-0.012010873369577846,1.0900000000000016,0.06375463772664006,0.08962414360365849,0.1289283032176213
2025-12-05,6870.4,0.0019366731222436,0.001934800188635677,0.15392740729865584,-0.0029734910875084397,15.41,-0.3699999999999992,0.3699999999999992,-0.8686704604234015,Low,False,False,-0.0034772356776897606,1.25,0.002369585468095181,0.35999999999999943,-0.0062572775966464045,0.33000000000000007,-0.005225314392175107,-0.5,0.05395723632314001,0.09087570604385051,0.12893598835432463
2025-12-08,6846.51,-0.0034772356776897,-0.003483295312932455,0.14991492974853293,-0.006440387235901346,16.66,1.25,1.25,-0.5060904154962919,High,False,True,-0.0008763589040255981,0.2699999999999996,0.007958799446725395,-1.8100000000000005,-0.004381794520127769,-0.16000000000000014,0.004670992958456077,-2.58,0.0412220142818307,0.09541958272602119,0.1297776530787901
2025-12-09,6840.51,-0.0008763589040255,-0.0008767431309877338,0.14890719156097587,-0.007311102049227358,16.93,0.2699999999999996,0.2699999999999996,-0.42777312579203636,Low,False,True,0.006749496748049477,-1.1600000000000001,-0.0019150618886604187,-1.1899999999999995,-0.005884064199891514,-0.4499999999999993,0.013382043151753287,-3.459999999999999,0.040562440870574715,0.07081940253297385,0.12214935402697528
2025-12-10,6886.68,0.0067494967480494,0.006726820871525874,0.15666173691422736,-0.0006109515606838034,15.77,-1.16,1.16,-0.764247407484394,High,False,False,0.0020793764194066977,-0.9199999999999999,-0.01018923487079404,0.7300000000000004,-0.023995597297972293,1.8500000000000014,0.006281691613375218,-2.17,0.06017296343628924,0.06509244781817372,0.12341884316838246
2025-12-11,6901.0,0.0020793764194066,0.0020772175085355116,0.15906687205519687,0.0,14.85,-0.92,0.92,-1.0311063205507467,Medium,False,False,-0.010663671931604113,0.8900000000000006,-0.014597884364584757,1.6300000000000008,-0.018293001014345722,2.0200000000000014,0.0006868569772495725,-0.6500000000000004,0.06058717762482967,0.05863475582727052,0.11324055339051112
2025-12-12,6827.41,-0.0106636719316041,-0.010720936344245757,0.1467069631848097,-0.010663671931604113,15.74,0.8900000000000006,0.8900000000000006,-0.7729493285626445,Medium,False,True,-0.0015965058492165562,0.7599999999999998,-0.015522723844034525,1.8800000000000008,0.001038461144123426,-0.8300000000000001,0.0026496138359934918,-0.7900000000000009,0.10312119353395738,0.07914118172059185,0.12043713833452492
2025-12-15,6816.51,-0.0015965058492165,-0.0015977816227152886,0.14487623881074785,-0.012243153166207721,16.5,0.7599999999999998,0.7599999999999998,-0.552500661246962,Medium,False,True,-0.0023839178699950336,-0.019999999999999574,-0.006124835142910401,0.370000000000001,0.009092629512756467,-2.42,0.012548943667654022,-1.5999999999999996,0.10139793113224456,0.07460669369622557,0.12068642209174807
2025-12-16,6800.26,-0.002383917869995,-0.0023867639262764584,0.14214694788611415,-0.014597884364584757,16.48,-0.0199999999999995,0.0199999999999995,-0.5583019419657955,Low,False,False,-0.011592203827500702,1.1400000000000006,0.005035101599056402,-1.5700000000000003,0.01938014134753674,-3.01,0.02125801072311928,-1.7300000000000004,0.10197500922346076,0.07422090197666105,0.10426482214536925
2025-12-17,6721.43,-0.0115922038275007,-0.011659917229323469,0.12890694766526045,-0.026020866541080934,17.62,1.1400000000000006,1.1400000000000006,-0.2276289409922715,High,False,True,0.007934323499612317,-0.75,0.023367051356630864,-3.540000000000001,0.03102167247148291,-4.020000000000001,0.0296811839147324,-2.24,0.09522634324694203,0.08993183882264479,0.11324978933245262
2025-12-18,6774.76,0.0079343234996123,0.007903012268158705,0.13786406058899647,-0.018293001014345722,16.87,-0.75,0.75,-0.4451769679485372,Medium,False,False,0.008818024549947179,-1.9600000000000009,0.02321705861167045,-3.4000000000000004,0.019333526206094298,-2.6700000000000017,0.021653903606917435,-1.4200000000000017,0.12607148183164113,0.10200812041858119,0.10996298331329231
2025-12-19,6834.5,0.0088180245499471,0.00877937282650798,0.14789777380977287,-0.009636284596435285,14.91,-1.9600000000000009,1.9600000000000009,-1.0137024783942452,High,False,False,0.006436462067451965,-0.8300000000000001,0.013964445094739819,-1.3100000000000005,0.0016094813080693715,0.03999999999999915,0.019281586070670764,-0.41999999999999993,0.13353560701369382,0.11315232650824707,0.10674314572364285
2025-12-22,6878.49,0.0064364620674519,0.0064158365019491015,0.15528617428821212,-0.003261846109259614,14.08,-0.8300000000000001,0.8300000000000001,-1.254455628225846,Medium,False,False,0.007786592696943817,-0.6099999999999994,0.003961625298575688,0.11999999999999922,0.003425170349887985,0.8200000000000003,0.012393708502883571,1.9000000000000004,0.138669668561117,0.1167379913228013,0.10760172901463476
2025-12-24,6932.05,0.0032215161386959,0.007756433640388138,0.15900794734349377,0.0,13.47,-0.5299999999999994,0.5299999999999994,-1.4313946901502754,Medium,False,False,-0.0003043832632483312,0.129999999999999,-0.012485484092007448,1.4799999999999986,0.0018421679012701198,1.2799999999999994,-0.0007862032154990484,3.2799999999999994,0.13352081870014357,0.1172060702686441,0.10427050329265707
2025-12-26,6929.94,-0.0003043832632483,-0.0003044295972358668,0.15865516472235064,-0.0003043832632483312,13.6,0.129999999999999,0.129999999999999,-1.3936863654778562,Low,False,True,-0.0034920937266411656,0.5999999999999996,-0.004024565869257035,1.3000000000000007,-0.001300155556902216,1.7800000000000011,0.0020966992499213966,2.24,0.05955895222060759,0.11260820213090315,0.09248475729870859
2025-12-29,6905.74,-0.0034920937266411,-0.003498205318253511,0.15460903229028355,-0.003795414055005386,14.2,0.5999999999999996,0.5999999999999996,-1.2196479439128438,Medium,False,True,-0.008723178109804275,0.75,0.005659060433784058,0.5500000000000007,0.0022763671959848963,1.25,0.0049625384100762115,1.6600000000000001,0.07887627458560399,0.11346755934829227,0.08950820034415956
2025-12-31,6845.5,-0.0073576325649918,-0.008761447745746054,0.14611384327447086,-0.012485484092007448,14.95,0.6199999999999992,0.6199999999999992,-1.002099916956578,Medium,False,True,0.008260901322036496,-0.049999999999998934,0.011018917537068296,0.4300000000000015,0.017643707545102583,-0.4599999999999991,-0.0071053977065226315,5.140000000000001,0.08614047332988203,0.10603363960920005,0.09082261580888171
2026-01-05,6902.05,0.00635418686675,0.00822696683492019,0.15339646480520597,-0.004327724122012988,14.9,0.3900000000000005,0.3900000000000005,-1.0166031187536622,Low,False,False,0.006196709673212952,-0.15000000000000036,0.002812207967198166,0.5499999999999989,0.008937924239899697,1.08,-0.003829297092892703,1.9999999999999982,0.08573619783834736,0.11017883100081413,0.09161451264032454
2026-01-06,6944.82,0.0061967096732129,0.006177589017273277,0.16054372783571402,0.0,14.75,-0.1500000000000003,0.1500000000000003,-1.0601127241449153,Low,False,False,-0.0034399739662078765,0.6300000000000008,0.0030900728888580975,-0.2599999999999998,-0.002623538119058466,2.0,-0.004531434939998302,0.8900000000000006,0.09551350626058626,0.11172480486252707,0.0916469775307634
2026-01-07,6920.93,-0.0034399739662078,-0.003445904280642509,0.15655148762531335,-0.0034399739662078765,15.38,0.6300000000000008,0.6300000000000008,-0.8773723815016519,Medium,False,True,7.65793036485718e-05,0.06999999999999851,0.006185584885268325,0.5999999999999996,0.0034012769960105604,0.4599999999999991,-0.0007686828215284214,0.7099999999999991,0.09924205735389291,0.09013775440201544,0.09248750328179464
2026-01-08,6921.46,7.65793036485718e-05,7.657637160285446e-05,0.1566400555328693,-0.0033636580933702476,15.45,0.0699999999999985,0.0699999999999985,-0.8570678989857342,Low,False,False,0.006475512391894256,-0.9599999999999991,0.0007426178869776034,1.3000000000000007,0.002680070389773359,0.41000000000000014,0.00825548366963047,0.9000000000000021,0.09527325617868117,0.08521522076501861,0.09201657373788857
2026-01-09,6966.28,0.0064755123918942,0.006454636335169184,0.16412989254543375,0.0,14.49,-0.9599999999999992,0.9599999999999992,-1.135529373489754,Medium,False,False,-0.00036461353835903765,1.4900000000000002,-0.0031307957762248817,1.3499999999999996,-0.024320010105824075,5.6,0.0016866964865036582,1.8600000000000012,0.07252081075532318,0.08037245988148627,0.09447922879544392
2026-01-13,6963.74,-0.001939153852438,-0.0003646800260366234,0.16187246557956603,-0.00036461353835903765,15.98,0.8600000000000012,0.8600000000000012,-0.7033339599366394,Medium,False,True,-0.0053333409920530706,0.7699999999999996,-0.0034076516354716313,-0.120000000000001,-0.012654119768974681,0.9199999999999982,0.0007567772490071345,0.8999999999999986,0.07320741341406113,0.07663608162275366,0.09470498834561951
2026-01-14,6926.6,-0.005333340992053,-0.005347614026380398,0.1556758035313528,-0.005696009922081746,16.75,0.7699999999999996,0.7699999999999996,-0.47998465226154,Medium,False,True,0.002579909335027164,-0.9100000000000001,-0.0187306903820057,3.34,-0.0019129154274825089,-1.1099999999999994,0.0017945312274418868,0.6900000000000013,0.07210008642788378,0.08032104857652257,0.0958597895302792
2026-01-15,6944.47,0.0025799093350271,0.002576587081787096,0.15865734232514828,-0.0031307957762248817,15.84,-0.91,0.91,-0.7439429249684758,Medium,False,False,-0.000642237636565457,0.019999999999999574,-0.0099143635151423,1.0599999999999987,-0.00415582470656517,0.25,0.00460366305851978,0.5,0.07104057258076196,0.0815879082971239,0.096093062713982
2026-01-16,6940.01,-0.0006422376365654,-0.0006424439595011933,0.15791320897202432,-0.003771022697910409,15.86,0.0199999999999995,0.0199999999999995,-0.7381416442496422,Low,False,True,-0.020626771431165203,4.23,-0.003841493023785225,-0.21999999999999886,0.005560510719725187,0.490000000000002,-0.00319884265296444,2.1400000000000006,0.07141114832355397,0.0793852428310092,0.09333014765660841
2026-01-20,6796.86,-0.0206267714311652,-0.020842474609839456,0.13402919787343137,-0.024320010105824075,20.09,1.25,1.25,0.48882922778369664,High,False,True,0.011587703733783039,-3.1900000000000013,0.017471302925174292,-4.0,0.026654955376453238,-3.7399999999999984,0.0126323037402567,-1.4499999999999993,0.14417341007555162,0.1281677216318099,0.11724518260561385
2026-01-21,6875.62,0.011587703733783,0.011521080474656387,0.1471699922438483,-0.013014119443950034,16.9,-3.1900000000000013,3.1900000000000013,-0.4364750468702873,High,True,False,0.005487505126810399,-1.259999999999998,0.014977558387461842,-0.5499999999999972,0.013582775080647425,-0.019999999999999574,-0.011230987169157158,4.870000000000001,0.18855396839007021,0.13885704373565622,0.11948473700153257
2026-01-22,6913.35,0.0054875051268103,0.00547250362606988,0.1534650934576094,-0.007598029364309089,15.64,-1.259999999999998,1.259999999999998,-0.8019557321568132,High,False,False,0.0003269037442048539,0.4499999999999993,0.00935581158193921,0.7100000000000009,0.0037145522792856323,1.8000000000000007,0.0027410734303918716,2.120000000000001,0.19383787567232716,0.13794104608505886,0.1207705614359095
2026-01-23,6915.61,0.0003269037442048,0.00032685032281776216,0.15384216551547025,-0.007273609444351958,16.09,0.4499999999999993,0.4499999999999993,-0.6714269159830539,Low,False,False,0.009108379448812265,0.26000000000000156,0.007721661574322525,0.7899999999999991,0.00879604257614286,0.25,0.007115785881505854,1.2699999999999996,0.19236668890133815,0.137045480822889,0.12035219511740278
2026-01-27,6978.6,0.0040818793047137,0.009067148337342346,0.15855200997179386,0.0,16.35,0.2000000000000028,0.2000000000000028,-0.5960102666382147,Low,False,False,-8.16782735792998e-05,0.0,-0.005670191729000185,1.0899999999999999,-0.008710916229616283,1.6499999999999986,-0.005320551399994322,1.2999999999999972,0.1954681420291851,0.13873692592953016,0.11247879436146858
2026-01-28,6978.03,-8.16782735792998e-05,-8.168160943178293e-05,0.15845738144376753,-8.16782735792998e-05,16.35,0.0,0.0,-0.5960102666382147,Low,False,False,-0.0012926284352460238,0.5299999999999976,-0.0002278580057695212,-0.010000000000001563,-0.013658582723204082,2.289999999999999,-0.020818196539710954,4.469999999999999,0.07511136277469221,0.134264630468473,0.10988240473376892
2026-01-29,6969.01,-0.001292628435246,-0.0012934646000264394,0.1569599264914927,-0.001374201129166308,16.88,0.5299999999999976,0.5299999999999976,-0.44227632758912094,Medium,False,True,-0.004301902278802894,0.5600000000000023,-0.007346811096554551,1.120000000000001,-0.024481239085609063,4.890000000000001,-0.019061530977857677,3.7200000000000024,0.046304910354013164,0.1341037794218093,0.10619637376733983
2026-01-30,6939.03,-0.0043019022788028,-0.0043111820838497295,0.15198279794723546,-0.005670191729000185,17.44,0.5600000000000023,0.5600000000000023,-0.2798404674617752,Medium,False,True,0.005391243444688998,-1.1000000000000014,-0.008114967077530899,1.1999999999999993,-0.0009698761930700961,0.3200000000000003,-0.013807405357809333,2.849999999999998,0.04803924429131703,0.1331359326675423,0.10500864822183592
2026-02-02,6976.44,0.0053912434446889,0.005376762714528027,0.158193417655063,-0.0003095176683003409,16.34,-1.1000000000000014,1.1000000000000014,-0.598910906997632,High,False,False,-0.008403999747722213,1.6600000000000001,-0.025520179346486205,5.43,-0.001665605953752869,1.0199999999999996,-0.013635894525001135,3.280000000000001,0.06301392673249906,0.13555765002425757,0.10614029285633657
2026-02-03,6917.81,-0.0084039997477222,-0.008439512459453624,0.14845996046527632,-0.008710916229616283,18.0,1.66,1.66,-0.11740460733443048,High,False,True,-0.005072414535814085,0.6400000000000006,0.0020945935202036914,-0.23999999999999844,0.003420157535404922,-0.3500000000000014,-0.008083483067618191,2.2300000000000004,0.08124624338959112,0.14202169394302125,0.11005757353080069
2026-02-04,6882.72,-0.005072414535814,-0.005085322899976319,0.14263449546801188,-0.013739145387327012,18.64,0.6400000000000006,0.6400000000000006,0.06823637566824978,Medium,False,True,-0.01225097054652824,3.129999999999999,0.01192842364646518,-1.2800000000000011,-0.0072587581653764666,2.1799999999999997,0.00389235651021691,0.4499999999999993,0.08255221511524956,0.09477528068125449,0.11075137407032053
2026-02-05,6798.4,-0.0122509705465282,-0.012326632274291427,0.1286361139185861,-0.025821798068380586,21.77,3.129999999999999,3.129999999999999,0.9761368081657318,High,True,True,0.01969581077900684,-4.009999999999998,0.021044657566486213,-4.120000000000001,0.005555718992704239,-1.1699999999999982,0.005788126618027745,-0.759999999999998,0.10427996427099623,0.09415319774217962,0.11576769422911135
2026-02-06,6932.3,0.0196958107790068,0.019504358091879226,0.15086551725668018,-0.006634568538102181,17.76,-4.009999999999998,4.009999999999998,-0.18701997596043507,High,True,False,0.0046910837672922145,-0.40000000000000213,-0.014358870793243272,3.0599999999999987,-0.012849992066125249,2.5299999999999976,-0.00609177329313515,1.7899999999999991,0.20442880095069849,0.14000219223065033,0.1338351935028531
2026-02-09,6964.82,0.0046910837672922,0.004680114924299872,0.15626432380301924,-0.001974608087582097,17.36,-0.4000000000000021,0.4000000000000021,-0.30304559033711076,Low,False,False,-0.0033525633110402797,0.28999999999999915,-0.01847140342463982,3.240000000000002,-0.011990259619056864,2.2600000000000016,-0.012339155929370738,2.5,0.20329517401456607,0.14215165319384526,0.13304609797894523
2026-02-11,6941.47,-4.897858051433612e-05,-0.0033581957436652488,0.15620769161773995,-0.005320551399994322,17.65,-0.1400000000000005,0.1400000000000005,-0.21892701991402155,Low,False,False,-0.015660947897203292,3.1700000000000017,-0.0141540624680363,2.6400000000000006,-0.011464430444848128,2.580000000000002,-0.00862209301488015,3.7900000000000027,0.19047897463547134,0.14053353974252514,0.13250458377039367
2026-02-12,6832.76,-0.0156609478972032,-0.015784876133702497,0.13810038320096907,-0.02089817441893793,20.82,3.1700000000000017,3.1700000000000017,0.7005759740211288,High,True,True,0.0004990662631205733,-0.21999999999999886,0.007105474215397534,-1.1999999999999993,0.01123264976378513,-1.7300000000000004,-0.0023606858721805235,2.75,0.2248822388586628,0.16059649649342728,0.1432015595511279
2026-02-13,6836.17,0.0004990662631205,0.0004989417709708732,0.13866837070626925,-0.02040953772963061,20.6,-0.2199999999999988,0.2199999999999988,0.6367618861139578,Low,False,False,0.0010312792104349988,-0.3100000000000023,0.0037623406088498346,-0.370000000000001,0.00023112356772880815,0.41000000000000014,0.004875537033163235,0.5499999999999972,0.2005799291308628,0.16098307392598685,0.14089021037365196
2026-02-17,6843.22,0.0010312792104349,0.0010307478073485754,0.13984265572455845,-0.019399306451150622,20.29,-0.91,0.91,0.546842034972034,Medium,False,False,0.005566093154976803,-0.6699999999999982,0.009686960232171415,-1.1999999999999993,0.006846192289594599,-0.7399999999999984,-0.001828086777861948,3.460000000000001,0.12564455936707192,0.1606527204027771,0.14102039476411785
2026-02-18,6881.31,0.0055660931549768,0.005550659701347271,0.1461871261283374,-0.013941191643022988,19.62,-0.6699999999999982,0.6699999999999982,0.3524991308911038,Medium,False,False,-0.0028221370640183485,0.6099999999999994,-0.0063301900364901575,1.3900000000000006,-0.0003531304359200016,0.23999999999999844,-0.020532427691820287,9.869999999999997,0.12865288480827622,0.16085015864558866,0.14172987687772937
2026-02-19,6861.89,-0.0028221370640183,-0.0028261268009792673,0.14295242895739002,-0.016723984753388987,20.23,0.6099999999999994,0.6099999999999994,0.5294381928155331,Medium,False,True,0.00693977898217546,-1.1400000000000006,0.004106740271266229,-0.6799999999999997,0.002875301119662277,1.2100000000000009,-0.009603768058071505,5.27,0.12788406406436437,0.156019620638371,0.141555926838534
2026-02-20,6909.51,0.0069397789821754,0.006915809547171747,0.15088426620149487,-0.009900266529103252,19.09,-1.1400000000000006,1.1400000000000006,0.19876519184200903,High,False,False,-0.010385685815636703,1.9200000000000017,-0.004433020575988711,0.7699999999999996,-0.013442342510539884,4.48,-0.01935158933122605,5.140000000000001,0.06313379112736725,0.1576714270646015,0.14395170379808292
2026-02-23,6837.75,-0.0103856858156367,-0.010439993392095559,0.13893154380256645,-0.020183131287077716,21.01,1.9200000000000017,1.9200000000000017,0.7556881408500498,High,False,True,0.007651639793791798,-1.4600000000000009,0.006415853168074248,0.4299999999999997,0.004643340280062969,0.13999999999999702,-0.024149756864465632,6.279999999999998,0.111124587667335,0.15358536742166773,0.12931388757000145
2026-02-24,6890.07,0.0076516397937917,0.007622514474642017,0.14764623772553098,-0.012685925543805432,19.55,-1.4600000000000009,1.4600000000000009,0.3321946483751856,High,False,False,-0.0016240763881933962,0.3099999999999987,-0.0106588176898057,4.02,-0.008615297086967177,4.199999999999999,-0.037427776495739584,7.640000000000001,0.12394748465140965,0.12083392138000465,0.12562694742924568
2026-02-27,6878.88,-0.004339355552146,-0.001625396629894027,0.14266619265195724,-0.014289399019860705,19.86,1.2300000000000004,1.2300000000000004,0.4221144995171084,High,False,True,0.0003983206568511921,1.5800000000000018,-0.0013635940734538776,1.2899999999999991,-0.020186425697206523,9.629999999999999,-0.02609436419882305,3.650000000000002,0.12286544900397257,0.11897552619442615,0.12487714972305673
2026-03-02,6881.62,0.0003983206568511,0.00039824134823795987,0.14312134020037592,-0.013896770125813251,21.44,1.5800000000000018,1.5800000000000018,0.8804156763049754,High,False,False,-0.009443997198334109,2.129999999999999,-0.00739796733908582,2.3099999999999987,-0.012443290969277654,4.059999999999999,-0.024053929162028642,0.9299999999999997,0.12129860073137741,0.1191132672646543,0.12488276508035896
2026-03-03,6816.63,-0.0094439971983341,-0.009488874510841683,0.13232570546616773,-0.023209526266013247,23.57,2.129999999999999,2.129999999999999,1.4982520728607698,High,False,True,0.007756031939536001,-2.4200000000000017,-0.011238691259463973,5.919999999999998,-0.005989763270120241,0.6600000000000001,-0.03082754968364143,0.48999999999999844,0.11842821073567078,0.10048295935930338,0.12750817384429733
2026-03-04,6869.5,0.007756031939536,0.007726108548736121,0.14110805980372088,-0.015633508153497844,21.15,-2.4200000000000017,2.4200000000000017,0.7962971058818852,High,False,False,-0.005646699177523806,2.6000000000000014,-0.01070092437586434,4.350000000000001,-0.028660018924230313,6.140000000000001,-0.05284518523910042,5.630000000000003,0.11933976261517357,0.10874785705667961,0.13110505290259566
2026-03-05,6830.71,-0.0056466991775238,-0.0056627020540442885,0.13466456586096132,-0.02119192961338956,23.75,2.6000000000000014,2.6000000000000014,1.5504635993302736,High,False,True,-0.013276804314631963,5.739999999999998,-0.008038695831033671,0.4800000000000004,-0.0290628646216865,3.4400000000000013,-0.03655696113581164,2.3999999999999986,0.10493719511716001,0.11248196298908872,0.13222181484247564
2026-03-06,6740.02,-0.0132768043146319,-0.013365729048958386,0.11959984645727872,-0.03418737282549511,29.49,5.739999999999998,5.739999999999998,3.21543116563556,High,True,True,0.008304129661336201,-3.9899999999999984,-0.009999970326497576,-2.1999999999999993,-0.006029655698351122,-5.979999999999997,-0.02724769362702195,-2.539999999999999,0.13185120237588258,0.1235707770162189,0.1386367103188275
2026-03-09,6795.99,0.0083041296613362,0.008269840075943335,0.12889714875107217,-0.026167139540882234,25.5,-3.9899999999999984,3.9899999999999984,2.058075662228227,High,True,False,-0.0029708695863295276,-1.2699999999999996,-0.02410244864986566,1.6900000000000013,-0.011756933132626712,-3.129999999999999,-0.030030944718871022,-0.1700000000000017,0.15798292149645254,0.13444157354482214,0.1407644630151648
2026-03-11,6775.8,-0.0008375752785526,-0.002975291379263112,0.12795161240724973,-0.029060269968188446,24.23,-0.6999999999999993,0.6999999999999993,1.6896943365822836,Medium,False,False,-0.015227722187786008,3.0599999999999987,-0.01127837303344259,-0.7199999999999989,-0.02498745535582525,-0.1700000000000017,-0.04407450042799377,3.210000000000001,0.1453266588194437,0.12669579736200584,0.13829160174444752
2026-03-12,6672.62,-0.015227722187786,-0.015344854576946787,0.11077547861224679,-0.043845470438196865,27.29,3.0599999999999987,3.0599999999999987,2.5772902865638474,High,True,True,-0.006059089233314663,-0.09999999999999787,0.006514682388627069,-4.919999999999998,-0.024898765402495582,-0.509999999999998,-0.04552484631224307,3.7600000000000016,0.15211556812032048,0.13755486359725488,0.14645814334101112
2026-03-13,6632.19,-0.0060590892333146,-0.006077520001309011,0.10404519086915753,-0.049638896053649795,27.19,-0.0999999999999978,0.0999999999999978,2.5482838829696792,Low,False,False,0.010130891907499606,-3.6799999999999997,-0.0038750397681610593,-3.1300000000000026,-0.007718415787243638,-1.0400000000000027,-0.04349543665063871,3.419999999999998,0.1521966264709914,0.1260557471991052,0.14213416584539473
2026-03-16,6699.38,0.0101308919074996,0.010079918404358068,0.11523015335884779,-0.04001089043647732,23.51,-3.68,3.68,1.480848230704269,High,True,False,0.002494260662927017,-1.1400000000000006,-0.028793709268619017,3.2699999999999996,-0.02134675149043641,3.4399999999999977,-0.025503852595314735,1.7399999999999984,0.16614643879209232,0.14408254074629465,0.12770693872760142
2026-03-17,6716.09,0.002494260662927,0.002491155157688496,0.11801182806048072,-0.03761642736365467,22.37,-1.1400000000000006,1.1400000000000006,1.1501752297307448,High,False,False,-0.016319018952992037,1.6899999999999977,-0.020114382028829314,3.7799999999999976,-0.018491413903029996,2.9599999999999973,-0.020960112208144976,2.169999999999998,0.15062114926210562,0.1455945854402922,0.12659436326733095
2026-03-19,6606.49,-0.0027488037194136,-0.016453640749134024,0.11493863298915974,-0.05332158312555535,24.06,-1.0300000000000011,1.0300000000000011,1.6403834504721964,Medium,False,False,-0.015138144460977054,2.7200000000000024,-0.007586479355906062,2.8900000000000006,-0.019576204610920467,3.3800000000000026,0.0008082960846076404,0.11000000000000298,0.15038291371570625,0.1400147804420079,0.12653099852124725
2026-03-20,6506.48,-0.015138144460977,-0.01525389582947767,0.0980605308978455,-0.06765253775828972,26.78,2.7200000000000024,2.7200000000000024,2.4293576282335874,High,True,True,0.011453197427795159,-0.6300000000000026,0.013128450406364234,-1.4500000000000028,-0.021152758480775913,4.27,0.05836642854508134,-7.66,0.14989766677932656,0.14467672154906283,0.1258150574771524
2026-03-23,6581.0,0.0114531974277951,0.011388106093258799,0.11063683494588816,-0.056974178201931625,26.15,-0.6300000000000026,0.6300000000000026,2.2466172855903235,Medium,False,False,-0.003742592311198889,0.8000000000000007,-0.0157787570278074,1.2900000000000027,-0.03605531074304813,4.460000000000001,0.06715544750037994,-7.979999999999997,0.1719079267051974,0.162886894076085,0.13367577773838882
2026-03-24,6556.37,-0.0037425923111988,-0.0037496133331575976,0.10648017406688548,-0.060503539391855155,26.95,0.8000000000000007,0.8000000000000007,2.4786685143436737,Medium,False,True,0.005419157247074091,-1.620000000000001,-0.028601192428127087,4.100000000000001,-0.0042477773524067786,-1.6999999999999993,0.07396013342749108,-9.009999999999998,0.15397465103876723,0.1511632900326376,0.13371608646220728
2026-03-25,6591.9,0.005419157247074,0.005404526448369751,0.11247636412092388,-0.05541226033875002,25.33,-1.620000000000001,1.620000000000001,2.0087647761181393,High,False,False,-0.01740621065246739,2.110000000000003,-0.03764923618380123,5.280000000000001,-0.002515208058374685,-0.7899999999999991,0.08103278265750413,-7.849999999999998,0.16007754280873834,0.14674727868999698,0.13362085160526782
2026-03-26,6477.16,-0.0174062106524673,-0.017559479899018626,0.09311236618114416,-0.07185395351503177,27.44,2.110000000000003,2.110000000000003,2.620799891955101,High,False,True,-0.016721834878249076,3.6099999999999994,0.007929401157297455,-2.1900000000000013,0.020791519740132935,-3.2699999999999996,0.0975705401750151,-8.57,0.19942961365725553,0.1670539606377238,0.1446873028124962
2026-03-27,6368.85,-0.016721834878249,-0.016863223156244445,0.07483352169049096,-0.087374258447253,31.05,3.609999999999999,3.609999999999999,3.6679310617045937,High,True,True,-0.003945767289228019,-0.4400000000000013,0.03241872551559544,-6.510000000000002,0.08123758606341802,-11.93,0.1091500035328199,-11.55,0.2052912608255998,0.17023359130408833,0.1492444772512848
2026-03-30,6343.72,-0.003945767289228,-0.003953572367091596,0.0705924787392389,-0.09097526724557936,30.61,-0.4400000000000013,0.4400000000000013,3.5403028858902506,Low,False,False,0.029131172245937753,-5.359999999999999,0.04226384518862747,-6.439999999999998,0.1070712452630318,-12.439999999999998,0.12054125970250884,-11.3,0.15402922632200106,0.16958017998843827,0.1469923074373684
2026-03-31,6528.52,0.0291311722459377,0.028714924185273105,0.10178009264259713,-0.0644943111798928,25.25,-5.359999999999999,5.359999999999999,1.985559653242805,High,True,False,0.007168546623124161,-0.7100000000000009,0.05479342944495835,-6.129999999999999,0.07854153774515504,-7.309999999999999,0.09885701506620181,-7.23,0.30469901963822404,0.2277021813123729,0.18126034700258273
2026-04-01,6575.32,0.0071685466231241,0.00714297472893044,0.10967825460513558,-0.05778809503338789,24.54,-0.7100000000000009,0.7100000000000009,1.7796141877242064,Medium,False,False,0.005552581471319984,-0.36999999999999744,0.06807729509742488,-6.369999999999997,0.08375866117542574,-7.059999999999999,0.08569620946204903,-6.710000000000001,0.3071572455600957,0.2309655634604456,0.18365956128183397
2026-04-06,6611.83,0.004426761703802,0.005537222718411172,0.11459053580616363,-0.05255638666781304,24.17,0.3000000000000007,0.3000000000000007,1.6722904944257828,Low,False,False,0.041502881955525206,-5.050000000000001,0.06495176070770126,-6.23,0.07521518248351833,-5.300000000000001,0.07927003567847324,-5.360000000000003,0.26732485033285003,0.2319493454630873,0.18466476115506797
2026-04-13,6886.24,0.0101732608271511,0.04066474883510374,0.12592955604239386,-0.01323474622417109,19.12,-0.1099999999999994,0.1099999999999994,0.20746711292026,Low,False,False,0.019852633657845287,-0.9499999999999993,0.034825971793025046,-1.6400000000000006,0.02581524896024545,0.379999999999999,,,0.1940554952727559,0.21999226795764296,0.18604653586346787
2026-04-15,7022.95,0.0079757383693725,0.01965814005236588,0.1349096756037318,0.0,18.17,-0.1899999999999977,0.1899999999999977,-0.06809372122434308,Low,False,False,0.0026100143102256723,-0.23000000000000043,0.012272620479997887,0.6999999999999993,0.012167251653507405,1.139999999999997,,,0.1574405269855957,0.21674044456332595,0.1861665031075849
2026-04-16,7041.28,0.0026100143102256,0.002606614137922847,0.1378718060978712,0.0,17.94,-0.2300000000000004,0.2300000000000004,-0.13480844949093138,Low,False,False,0.012040424468278577,-0.46000000000000085,0.0032281062534085248,1.5599999999999987,0.018836063897473165,0.0799999999999983,,,0.04732072353753739,0.21415488676750755,0.1853146224702271
2026-04-17,7126.06,0.0120404244682785,0.011968515194247686,0.15157226563377635,0.0,17.48,-0.4600000000000008,0.4600000000000008,-0.2682379060241079,Low,False,False,-0.0023743836004749275,1.3900000000000006,-0.0024782278004957803,1.8299999999999983,0.0017878042003576233,0.34999999999999787,,,0.06215932355026755,0.2188777429367825,0.18285365921747182
2026-04-20,7109.14,-0.0023743836004749,-0.0023772069191974055,0.14883799133149367,-0.0023743836004749275,18.87,1.3900000000000006,1.3900000000000006,0.13495110393483806,High,False,True,-0.006348165882230528,0.629999999999999,0.009110806651718706,-0.8500000000000014,0.003771201579937822,-0.060000000000002274,,,0.09371088703255094,0.1896444496191258,0.18151368080637306
2026-04-21,7064.01,-0.0063481658822305,-0.006368401170700366,0.1415449771907129,-0.008707476501741529,19.5,0.629999999999999,0.629999999999999,0.317691446578101,Medium,False,True,0.006283966189175816,-0.19000000000000128,0.010587470855788705,-1.6700000000000017,,,,,0.1184410461955815,0.16133810831854167,0.1831731063312057
2026-04-23,7108.4,-0.0041328682105381,0.006264304399998366,0.13682712224358196,-0.0024782278004957803,19.31,0.389999999999997,0.389999999999997,0.26257927974918,Low,False,True,0.009215857295594043,-1.2899999999999991,0.003875696359237013,-0.5,,,,,0.1161546221093501,0.16166624327846546,0.1749136818433245
2026-04-27,7173.91,0.0012323658633259,0.009173650399722177,0.13822810918153805,0.0,18.02,-0.6900000000000013,0.6900000000000013,-0.11160332661559685,Medium,False,False,-0.004894123288415875,-0.19000000000000128,,,,,,,0.11487738025919055,0.09857172533953015,0.17293325897722622
2026-04-28,7138.8,-0.0048941232884158,-0.004906138729193543,0.13265748048486325,-0.004894123288415875,17.83,-0.1900000000000012,0.1900000000000012,-0.16671549344451786,Low,False,False,-0.0003992267608001754,0.9800000000000004,,,,,,,0.04623084933784443,0.10370402337128463,0.171320049667436
2026-04-29,7135.95,-0.0003992267608001,-0.00039930647301922306,0.13220529330783326,-0.005291396184228692,18.81,0.9800000000000004,0.9800000000000004,0.11754726177833615,Medium,False,True,,,,,,,,,0.05064708246058686,0.1034637764525277,0.17125140501199332
